image_id,receipt_id,merchant_name,invalid_count,issue_types,values,equation_failures,root_cause,action
426be8ef-3186-4e85-a6c3-3db25732a9d1,1,Amazon Fresh,5,"GRAND_TOTAL_MISMATCH, SUBTOTAL_MISMATCH","GRAND_TOTAL=6.77, SUBTOTAL=6.00, TAX=0.00, LINE_TOTAL=[3.98+2.79]",GRAND_TOTAL (6.77) != SUBTOTAL (6.00) + TAX (0.00) = 6.00. Difference: 0.77 | SUBTOTAL (6.00) != sum(LINE_TOTAL) (6.77) - DISCOUNT (0.00) = 6.77. Difference: -0.77,OCR split: 'Subtotal: $6 77' parsed as $6.00 instead of $6.77. Amazon Fresh format splits dollar amounts across OCR lines.,fix OCR split handling for multi-word dollar amounts
5cdebc8a-a923-420b-b0da-a7ff4d081f77,1,Amazon Fresh,7,GRAND_TOTAL_MISMATCH,"GRAND_TOTAL=[0.62+17.00], SUBTOTAL=17.62, TAX=0.00, LINE_TOTAL=[2.69+3.98+4.99+5.96]",GRAND_TOTAL (0.62) != SUBTOTAL (17.62) + TAX (0.00) = 17.62. Difference: -17.00,OCR split: 'Purchase total $17 .62' → GRAND_TOTAL labeled on '$17' (=17.00) and '.62' (=0.62) separately. Two GRAND_TOTAL values instead of one $17.62.,fix OCR split handling for multi-word dollar amounts
b4c2a475-d739-4a42-afbf-6b5e06443ba1,1,Amazon Fresh,9,"GRAND_TOTAL_MISMATCH, SUBTOTAL_MISMATCH","GRAND_TOTAL=11.14, SUBTOTAL=11.14, TAX=0.00, LINE_TOTAL=[3.78+0.93+2.39+2.09+1.89], DISCOUNT=-9.20",GRAND_TOTAL (11.14) != SUBTOTAL (11.14) + TAX (0.00) - DISCOUNT (9.20) = 1.94. Difference: 9.20 | SUBTOTAL (11.14) != sum(LINE_TOTAL) (11.08) - DISCOUNT (9.20) = 1.88. Difference: 9.26,DISCOUNT double-count: 'Promo/Markdown Savings: -$9.20' labeled as DISCOUNT but Amazon Fresh SUBTOTAL ($11.14) already incorporates the discount. Equation subtracts discount again.,don't label Amazon Fresh 'Promo/Markdown Savings' as DISCOUNT since SUBTOTAL already reflects it
b50ba18b-7511-4a85-87cd-74aa5e147e10,1,Amazon Fresh,6,GRAND_TOTAL_MISMATCH,"GRAND_TOTAL=14.60, SUBTOTAL=[13.98+13.98], TAX=0.65",GRAND_TOTAL (14.60) != SUBTOTAL (27.96) + TAX (0.65) = 28.61. Difference: -14.01,Duplicate SUBTOTAL: 'Pre-savings total: $13.98' and 'Subtotal $13.98' both labeled SUBTOTAL. Two SUBTOTAL values (sum=27.96) breaks equation.,"only label actual 'Subtotal' line, not 'Pre-savings total'"
b81f388d-5c6d-459e-a5c5-d38007950ba5,1,CVS,4,NONE,LINE_TOTAL=-2.29,(no equation mismatch — per-word INVALID only),"RETURN receipt: prices have trailing minus ('$2.29-', '$5.30-'). Pipeline marks all financial words INVALID on refund receipts. No SUBTOTAL/GRAND_TOTAL labels found.",recognize RETURN receipts and skip financial validation or handle negative totals
471788b6-a210-4570-b5c4-47de5ac4518d,1,Costco Wholesale,6,NONE,"TAX=[1.90+1.90+1.90], LINE_TOTAL=[7.99+19.99+9.99]",(no equation mismatch — per-word INVALID only),"Duplicate TAX: Costco prints tax 3x (receipt body + 'A 9.5% Tax 1.90' + 'TOTAL TAX 1.90'). All three labeled TAX. No GRAND_TOTAL label at eval time so no equation fires, but per-word INVALID from structured fast path.",deduplicate Costco tax breakdown labels; only label primary TAX line
909a2b84-0b9d-496a-adf9-16588602a055,2,Costco Wholesale,5,"GRAND_TOTAL_MISMATCH, SUBTOTAL_MISMATCH","GRAND_TOTAL=6212.00, SUBTOTAL=[63.27+63.27+63.27], LINE_TOTAL=0.00",GRAND_TOTAL (6212.00) != SUBTOTAL (189.81) + TAX (0.00) = 189.81. Difference: 6022.19 | SUBTOTAL (63.27) != sum(LINE_TOTAL) (0.00) - DISCOUNT (0.00) = 0.00. Difference: 63.27,OCR junk: '** TOTAL 6212' → GRAND_TOTAL=6212 (should be member ref or OCR error for $62.12). Duplicate SUBTOTAL: 63.27 labeled 3x (receipt + EFT/Debit + AMOUNT). LINE_TOTAL on wrong word.,filter unreasonable GRAND_TOTAL values; deduplicate payment-section labels
c1672313-25b9-4d14-9951-691a2003dacf,1,Costco Wholesale,6,NONE,"SUBTOTAL=4192.00, TAX=0.00",(no equation mismatch — per-word INVALID only),"OCR junk: '* TOTAL 4192' → SUBTOTAL=4192 (Costco ref number, not dollar amount). Actual subtotal $41.99 not labeled.",filter unreasonable SUBTOTAL values; Costco '* TOTAL NNNN' is member ref not amount
d84d4101-8a2f-4b6f-9c4e-4d89af1850f5,3,Costco Wholesale,6,GRAND_TOTAL_MISMATCH,"GRAND_TOTAL=[21.88+21.88], SUBTOTAL=[21.00+21.88], TAX=0.00",GRAND_TOTAL (21.88) != SUBTOTAL (42.88) + TAX (0.00) = 42.88. Difference: -21.00,"Costco double-column OCR: 'SUBTOTAL 21 21.88' → two words, SUBTOTAL labeled on both '21' (=21.00) and '21.88'. Same for GRAND_TOTAL. Duplicates from reading both columns.",deduplicate Costco double-column reads; pick the complete decimal value
49a1a1e7-348a-4cd9-af96-2312e838476e,1,DIY Home Center,12,"GRAND_TOTAL_MISMATCH, SUBTOTAL_MISMATCH","GRAND_TOTAL=320.00, SUBTOTAL=36.29, LINE_TOTAL=[39.49+39.49]",GRAND_TOTAL (320.00) != SUBTOTAL (36.29) + TAX (0.00) = 36.29. Difference: 283.71 | SUBTOTAL (36.29) != sum(LINE_TOTAL) (78.98) - DISCOUNT (0.00) = 78.98. Difference: -42.69,"OCR junk: GRAND_TOTAL=320.00 is actually TAX '$3,20' with comma parsed as 320. Duplicate LINE_TOTALs from 'TOTAL $39.49' and 'DB AMT $39.49'. Actual total is $39.49.",filter unreasonable GRAND_TOTAL; don't label payment-section duplicates as LINE_TOTAL
36f99370-5bd3-4253-944d-316599865c52,1,East Coast Bagel Co.,3,NONE,GRAND_TOTAL=[14.53+14.53],(no equation mismatch — per-word INVALID only),Duplicate GRAND_TOTAL: 'Total $14.53' and 'DEBIT CARD SALE $14.53' both labeled GRAND_TOTAL. No SUBTOTAL/TAX labels at eval time.,don't label payment-section amounts as GRAND_TOTAL
9bde47bb-fd65-4263-975c-9b5970eac924,1,East Coast Bagel Co.,10,"GRAND_TOTAL_MISMATCH, SUBTOTAL_MISMATCH","GRAND_TOTAL=[13.86+13.86], SUBTOTAL=11.75, TAX=0.85, LINE_TOTAL=[3.00+0.00+1.55+7.20+0.00+12.60+1.26]",GRAND_TOTAL (13.86) != SUBTOTAL (11.75) + TAX (0.85) = 12.60. Difference: 1.26 | SUBTOTAL (11.75) != sum(LINE_TOTAL) (25.61) - DISCOUNT (0.00) = 25.61. Difference: -13.86,"Duplicate GRAND_TOTAL: '$12.60' (Total) and '$13.86' (DEBIT CARD SALE) both labeled. LINE_TOTAL labels on wrong words ($12.60=Total, $1.26=Tip, $0.00=modifiers). Real line totals are item prices ($7.20, $1.55, $3.00).",don't label payment total or tip as GRAND_TOTAL/LINE_TOTAL; fix item price labeling
7c90cb12-4a5b-4282-ac59-6475c3fbaa10,2,Eastwood,3,NONE,TAX=0.44,(no equation mismatch — per-word INVALID only),"Missing labels: only entertainment tax $0.44 labeled as TAX. SUBTOTAL ($8.00), sales tax ($0.76), and GRAND_TOTAL ($9.20) all unlabeled at eval time. Per-word INVALID on isolated TAX.",label all financial fields; entertainment tax format '*(5%) Entertainment' not recognized
1ebebe85-19a1-47bf-b97a-418ea2d0211e,1,Forma Restaurant & Cheese Bar Santa Monica,6,NONE,TAX=5.12,(no equation mismatch — per-word INVALID only),Missing labels: only TAX ($5.12) labeled. SUBTOTAL ($50.00) and GRAND_TOTAL ($55.12) unlabeled at eval time. Per-word INVALID on isolated TAX.,label all financial fields on this receipt
45af80b3-28e6-4666-b398-3421c34f70aa,2,Handel's Ice Cream,2,GRAND_TOTAL_DIRECT_MISMATCH,"GRAND_TOTAL=26.00, LINE_TOTAL=0.00",GRAND_TOTAL (26.00) != sum(LINE_TOTAL) (0.00) + TAX (0.00) = 0.00. Difference: 26.00,Gift card/remote sale receipt with no itemized line items. GRAND_TOTAL=$26.00 correct. LINE_TOTAL=$0.00 mislabeled on 'Service Charge: $0.00' or 'Card Balance: $0.00'.,don't label '$0.00' service charge/balance as LINE_TOTAL; receipt type has no line items
854e7672-d629-4cc9-8cb0-6aefa1068390,2,Handel's Ice Cream,2,GRAND_TOTAL_DIRECT_MISMATCH,"GRAND_TOTAL=1.98, LINE_TOTAL=0.00",GRAND_TOTAL (1.98) != sum(LINE_TOTAL) (0.00) + TAX (0.00) = 0.00. Difference: 1.98,,
29c1d8af-035c-431f-9d80-e4053cf28a00,1,Harbor Freight,16,NONE,TAX=11.49,(no equation mismatch — per-word INVALID only),Missing labels: only TAX ($11.49) labeled at eval time. SUBTOTAL ($120.90) and GRAND_TOTAL ($132.39) not labeled. Per-word INVALID on isolated TAX.,label all financial fields on this receipt
3dcca0af-1803-4760-8794-5b1711cb4245,2,Harbor Freight,4,NONE,LINE_TOTAL=0.14,(no equation mismatch — per-word INVALID only),,
af86f092-b127-44e4-8b0e-c7852cc33665,1,Harbor Freight,16,NONE,"SUBTOTAL=120.90, TAX=11.49",(no equation mismatch — per-word INVALID only),,
f926d999-890b-4831-88a2-5b436b699d69,1,HiHo Cheeseburger,7,SUBTOTAL_MISMATCH,"SUBTOTAL=18.90, TAX=1.90, LINE_TOTAL=1.13",SUBTOTAL (18.90) != sum(LINE_TOTAL) (1.13) - DISCOUNT (0.00) = 1.13. Difference: 17.77,"Mislabeled: 'Fee $1.13' (service fee) labeled as LINE_TOTAL instead of actual item prices ($13.95, $4.95). SUBTOTAL on 'Food $18.90' is correct. Equation fails because LT=1.13 vs ST=18.90.",label item prices as LINE_TOTAL; don't label 'Fee' as LINE_TOTAL
78b51418-c0bc-497e-b02e-dd4cfbfed53e,1,Hollywood Improv,11,"GRAND_TOTAL_MISMATCH, SUBTOTAL_MISMATCH","GRAND_TOTAL=75.26, SUBTOTAL=58.00, TAX=5.66, LINE_TOTAL=[0.00+55.00+11.60+39.00+14.00]",GRAND_TOTAL (75.26) != SUBTOTAL (58.00) + TAX (5.66) = 63.66. Difference: 11.60 | SUBTOTAL (58.00) != sum(LINE_TOTAL) (119.60) - DISCOUNT (0.00) = 119.60. Difference: -61.60,,
3a2d8bae-0033-439c-a3fb-616a39f09947,2,In-N-Out Burger,9,NONE,"SUBTOTAL=8.50, TAX=0.80",(no equation mismatch — per-word INVALID only),,
3e071997-8a75-494c-aafc-a5a24af48e3b,2,In-N-Out Burger,6,"GRAND_TOTAL_MISMATCH, SUBTOTAL_MISMATCH","GRAND_TOTAL=11.91, SUBTOTAL=10.85, TAX=1.00, LINE_TOTAL=4.75",GRAND_TOTAL (11.91) != SUBTOTAL (10.85) + TAX (1.00) = 11.85. Difference: 0.06 | SUBTOTAL (10.85) != sum(LINE_TOTAL) (4.75) - DISCOUNT (0.00) = 4.75. Difference: 6.10,,
4d0507a4-704e-43ed-a106-1804e3c4a13c,1,Italia Deli & Bakery,3,"GRAND_TOTAL_MISMATCH, SUBTOTAL_MISMATCH","GRAND_TOTAL=32.18, SUBTOTAL=27.98, LINE_TOTAL=4.20",GRAND_TOTAL (32.18) != SUBTOTAL (27.98) + TAX (0.00) = 27.98. Difference: 4.20 | SUBTOTAL (27.98) != sum(LINE_TOTAL) (4.20) - DISCOUNT (0.00) = 4.20. Difference: 23.78,,
74a4f6ee-ac21-4d42-a2bf-e1414b954ae4,2,Italia Deli & Bakery,3,"GRAND_TOTAL_MISMATCH, SUBTOTAL_MISMATCH","GRAND_TOTAL=35.43, SUBTOTAL=30.81, LINE_TOTAL=4.62",GRAND_TOTAL (35.43) != SUBTOTAL (30.81) + TAX (0.00) = 30.81. Difference: 4.62 | SUBTOTAL (30.81) != sum(LINE_TOTAL) (4.62) - DISCOUNT (0.00) = 4.62. Difference: 26.19,,
9ab3dffd-de81-48fa-bbde-5bf1664b6fdb,1,Italia Deli & Bakery,2,"GRAND_TOTAL_MISMATCH, SUBTOTAL_MISMATCH","GRAND_TOTAL=52.88, SUBTOTAL=45.98, LINE_TOTAL=6.90",GRAND_TOTAL (52.88) != SUBTOTAL (45.98) + TAX (0.00) = 45.98. Difference: 6.90 | SUBTOTAL (45.98) != sum(LINE_TOTAL) (6.90) - DISCOUNT (0.00) = 6.90. Difference: 39.08,,
7eaf3b98-5d94-414a-8c14-54ed6848ee08,1,JOANN Fabric and Crafts,17,SUBTOTAL_MISMATCH,"SUBTOTAL=21.00, LINE_TOTAL=[62.27+-0.00]",SUBTOTAL (21.00) != sum(LINE_TOTAL) (62.27) - DISCOUNT (0.00) = 62.27. Difference: -41.27,,
d0e37fb0-a826-4ee5-aa0c-8747acb28311,1,Kruse + Company Bicycles,13,GRAND_TOTAL_MISMATCH,"GRAND_TOTAL=150.00, SUBTOTAL=175.00",GRAND_TOTAL (150.00) != SUBTOTAL (175.00) + TAX (0.00) = 175.00. Difference: -25.00,,
e21c1ed5-4de3-4e77-a03a-368e62033298,1,Laundry Valet,6,SUBTOTAL_MISMATCH,"SUBTOTAL=28.68, TAX=[9.50+1.80], LINE_TOTAL=9.69",SUBTOTAL (28.68) != sum(LINE_TOTAL) (9.69) - DISCOUNT (0.00) = 9.69. Difference: 18.99,,
955da9a2-74f8-418e-be0b-be462b21af1f,2,Little Calf- Scoop Shop,3,"GRAND_TOTAL_MISMATCH, SUBTOTAL_MISMATCH","GRAND_TOTAL=17.18, SUBTOTAL=[14.48+14.48], LINE_TOTAL=2.70",GRAND_TOTAL (17.18) != SUBTOTAL (28.96) + TAX (0.00) = 28.96. Difference: -11.78 | SUBTOTAL (14.48) != sum(LINE_TOTAL) (2.70) - DISCOUNT (0.00) = 2.70. Difference: 11.78,,
383a90d8-1d0e-46f4-9f8a-5f2313d9e983,2,Los Agaves,6,GRAND_TOTAL_MISMATCH,"GRAND_TOTAL=28.57, SUBTOTAL=22.90, TAX=2.23",GRAND_TOTAL (28.57) != SUBTOTAL (22.90) + TAX (2.23) = 25.13. Difference: 3.44,,
344f4a1b-1476-442e-bb01-7eed30934285,1,Lowe's Home Improvement,17,NONE,"GRAND_TOTAL=[157.32+157.32+157.32], SUBTOTAL=146.72, TAX=10.60",(no equation mismatch — per-word INVALID only),,
4e991ce5-314e-43b6-ac99-885d4a0512ba,3,Mastro's Steakhouse,16,SUBTOTAL_MISMATCH,"GRAND_TOTAL=[294.13+294.13], SUBTOTAL=274.25, TAX=19.88, LINE_TOTAL=[44.00+5.00+44.00]",SUBTOTAL (274.25) != sum(LINE_TOTAL) (93.00) - DISCOUNT (0.00) = 93.00. Difference: 181.25,,
7b5576c7-a6a0-45b5-98e5-ba3e013e47bf,3,Moody Market & Provisions,2,NONE,SUBTOTAL=22.53,(no equation mismatch — per-word INVALID only),,
cf8e3a6e-0947-4a3d-9bc0-7ce3894c9912,2,Neighbor Care Home Health,6,NONE,"SUBTOTAL=29.00, TAX=2.11",(no equation mismatch — per-word INVALID only),,
3cd5a28e-f5ef-4fd9-8bc9-a44437a6353f,2,Neighborly,5,"GRAND_TOTAL_MISMATCH, SUBTOTAL_MISMATCH","GRAND_TOTAL=36.98, SUBTOTAL=31.00, TAX=2.26, LINE_TOTAL=[3.72+36.98]",GRAND_TOTAL (36.98) != SUBTOTAL (31.00) + TAX (2.26) = 33.26. Difference: 3.72 | SUBTOTAL (31.00) != sum(LINE_TOTAL) (40.70) - DISCOUNT (0.00) = 40.70. Difference: -9.70,,
3ef3ec1e-5e38-432d-9415-6b01584dfb6d,1,Neighborly,4,NONE,GRAND_TOTAL=12.89,(no equation mismatch — per-word INVALID only),,
76834b4b-ad01-4791-8eef-94476e780a5f,2,Noah's NY Bagels,6,"GRAND_TOTAL_MISMATCH, SUBTOTAL_MISMATCH","GRAND_TOTAL=16.28, SUBTOTAL=[14.28+14.28], TAX=16.28, LINE_TOTAL=2.00",GRAND_TOTAL (16.28) != SUBTOTAL (28.56) + TAX (16.28) = 44.84. Difference: -28.56 | SUBTOTAL (14.28) != sum(LINE_TOTAL) (2.00) - DISCOUNT (0.00) = 2.00. Difference: 12.28,,
9983a3fc-ad3c-421b-9968-1d4e9c687409,1,Nordstrom,4,SUBTOTAL_MISMATCH,"GRAND_TOTAL=269.37, SUBTOTAL=246.00, TAX=23.37, LINE_TOTAL=[0.00+98.00+11.00]",SUBTOTAL (246.00) != sum(LINE_TOTAL) (109.00) - DISCOUNT (0.00) = 109.00. Difference: 137.00,,
5492b016-cc08-4d57-9a64-d6775684361c,1,Pasta Sisters,10,"GRAND_TOTAL_MISMATCH, SUBTOTAL_MISMATCH","GRAND_TOTAL=0.00, SUBTOTAL=48.00, TAX=4.93, TIP=9.60, LINE_TOTAL=52.93",GRAND_TOTAL (0.00) != SUBTOTAL (48.00) + TAX (4.93) + TIP (9.60) = 62.53. Difference: -62.53 | SUBTOTAL (48.00) != sum(LINE_TOTAL) (52.93) - DISCOUNT (0.00) = 52.93. Difference: -4.93,,
59ddb567-c0ac-4160-83d9-9969b5ddfa74,1,Pitfire Pizza,5,"GRAND_TOTAL_MISMATCH, SUBTOTAL_MISMATCH","GRAND_TOTAL=22.40, SUBTOTAL=18.02, TAX=1.76, LINE_TOTAL=[0.52+2.62+17.50]",GRAND_TOTAL (22.40) != SUBTOTAL (18.02) + TAX (1.76) = 19.78. Difference: 2.62 | SUBTOTAL (18.02) != sum(LINE_TOTAL) (20.64) - DISCOUNT (0.00) = 20.64. Difference: -2.62,,
bc73ab9d-12bf-4a1c-932b-2452968717ee,1,Ralphs Fresh Fare,6,GRAND_TOTAL_DIRECT_MISMATCH,"GRAND_TOTAL=16.62, TAX=0.26, LINE_TOTAL=[4.98+7.99+3.49]",GRAND_TOTAL (16.62) != sum(LINE_TOTAL) (16.46) + TAX (0.26) = 16.72. Difference: -0.10,,
2ab39193-7661-469e-be03-94ff37c2432f,1,Ranch Hand BBQ,4,NONE,LINE_TOTAL=[5.10+6.80+2.72],(no equation mismatch — per-word INVALID only),,
1061b322-057e-4557-be06-e8d95a064640,1,Roast & Rice Asian Fusion,4,NONE,LINE_TOTAL=[11.81+10.73+9.66],(no equation mismatch — per-word INVALID only),,
1e44245d-51a9-47ea-8ba2-622cb6cd4232,1,Roast & Rice Asian Fusion,4,NONE,GRAND_TOTAL=42.80,(no equation mismatch — per-word INVALID only),,
fe9d469e-3b92-48bf-98e7-300cbff5308f,1,Roast & Rice Asian Fusion,4,NONE,LINE_TOTAL=[4.17+54.59+3.75],(no equation mismatch — per-word INVALID only),,
03fa2d0f-33c6-43be-88b0-dae73ec26c93,1,Sprouts Farmers Market,7,GRAND_TOTAL_MISMATCH,"GRAND_TOTAL=14.10, SUBTOTAL=14.10, TAX=[0.62+1.00], LINE_TOTAL=[14.10+0.00]",GRAND_TOTAL (14.10) != SUBTOTAL (14.10) + TAX (1.62) = 15.72. Difference: -1.62,,
082f1bfa-ca36-4f11-ba76-dd4c0b8d83cc,1,Sprouts Farmers Market,7,SUBTOTAL_MISMATCH,"GRAND_TOTAL=22.12, SUBTOTAL=22.12, LINE_TOTAL=[11.64+22.12+4.99+5.49+0.00]",SUBTOTAL (22.12) != sum(LINE_TOTAL) (44.24) - DISCOUNT (0.00) = 44.24. Difference: -22.12,,
112ed08b-8400-4d00-8df2-d5d3eb3905b2,1,Sprouts Farmers Market,13,NONE,"GRAND_TOTAL=[37.36+37.36+37.36], LINE_TOTAL=[4.99+1.99+2.50+4.49+0.84+4.99+3.99+10.58+2.99]",(no equation mismatch — per-word INVALID only),,
2050f988-84e6-49b1-8835-dc60ff418781,1,Sprouts Farmers Market,7,GRAND_TOTAL_DIRECT_MISMATCH,"GRAND_TOTAL=19.97, LINE_TOTAL=[10.99+4.99+2.49+1.50+9.99]",GRAND_TOTAL (19.97) != sum(LINE_TOTAL) (29.96) + TAX (0.00) = 29.96. Difference: -9.99,,
2c9b770c-9407-4cdc-b0eb-3a5b27f0af15,2,Sprouts Farmers Market,9,NONE,(no financial values),(no equation mismatch — per-word INVALID only),,
32e93177-6528-4d63-b637-45d53d1cf3f3,1,Sprouts Farmers Market,7,NONE,"TAX=[5.00+0.05], LINE_TOTAL=[0.00+2.84]",(no equation mismatch — per-word INVALID only),,
37c9f558-172b-499f-a5c4-c6db029a3f53,1,Sprouts Farmers Market,17,NONE,"GRAND_TOTAL=[25.85+25.85], TAX=0.65, LINE_TOTAL=[8.99+1.85+7.99+4.99+0.10+1.86+-1.85+1.27]",(no equation mismatch — per-word INVALID only),,
44dc1b44-a656-4dc1-bd41-4abf9d832827,1,Sprouts Farmers Market,5,NONE,"SUBTOTAL=[30.00+0.00], TAX=[0.10+13.99+1.00+1.01+4.49]",(no equation mismatch — per-word INVALID only),,
645a8dcb-ee5e-4207-9b73-567ebd1ccc45,1,Sprouts Farmers Market,15,NONE,LINE_TOTAL=[0.00+1.49+10.99+6.99],(no equation mismatch — per-word INVALID only),,
7381dc76-b4d7-46f8-aa31-27df6f5db09a,1,Sprouts Farmers Market,7,GRAND_TOTAL_DIRECT_MISMATCH,"GRAND_TOTAL=41.87, LINE_TOTAL=[3.99+10.41+18.99]",GRAND_TOTAL (41.87) != sum(LINE_TOTAL) (33.39) + TAX (0.00) = 33.39. Difference: 8.48,,
77b07cb3-baaf-459f-a268-57146f6a0020,3,Sprouts Farmers Market,8,NONE,LINE_TOTAL=[10.37+6.58+10.37+0.00],(no equation mismatch — per-word INVALID only),,
87589280-36d1-4495-9ea2-9a4c5d921ba3,1,Sprouts Farmers Market,9,GRAND_TOTAL_DIRECT_MISMATCH,"GRAND_TOTAL=39.09, LINE_TOTAL=[8.99+5.99+10.34]",GRAND_TOTAL (39.09) != sum(LINE_TOTAL) (25.32) + TAX (0.00) = 25.32. Difference: 13.77,,
d729d1b1-5e1f-408c-8703-32aa1d9022cb,1,Sprouts Farmers Market,11,GRAND_TOTAL_DIRECT_MISMATCH,"GRAND_TOTAL=[35.41+35.41], LINE_TOTAL=[2.49+7.99+3.49+3.98+6.99]",GRAND_TOTAL (35.41) != sum(LINE_TOTAL) (24.94) + TAX (0.00) = 24.94. Difference: 10.47,,
df066296-773f-411e-a036-a125a323ca95,1,Sprouts Farmers Market,7,GRAND_TOTAL_DIRECT_MISMATCH,"GRAND_TOTAL=[28.75+28.75+28.75], LINE_TOTAL=[3.99+3.29+6.99+1.50+7.99]",GRAND_TOTAL (28.75) != sum(LINE_TOTAL) (23.76) + TAX (0.00) = 23.76. Difference: 4.99,,
e936747a-4231-4ea6-be52-875975929a8a,2,Sprouts Farmers Market,9,NONE,TAX=[30.00+0.00+0.30+0.96],(no equation mismatch — per-word INVALID only),,
fa4fd183-8208-48b3-93d2-8f2fe10e8ddc,2,Sprouts Farmers Market,5,NONE,TAX=6.99,(no equation mismatch — per-word INVALID only),,
00ce69da-9bda-4707-a3a2-f9112766fa12,1,Sushi & Wasabi,11,SUBTOTAL_MISMATCH,"GRAND_TOTAL=113.22, SUBTOTAL=103.39, TAX=9.83, LINE_TOTAL=[23.00+17.99+3.00+1.50+51.90]",SUBTOTAL (103.39) != sum(LINE_TOTAL) (97.39) - DISCOUNT (0.00) = 97.39. Difference: 6.00,,
ccc09736-4ab9-4662-8390-3631cc2dcb97,2,Tabu Shabu - Thousand Oaks,7,SUBTOTAL_MISMATCH,"GRAND_TOTAL=153.65, SUBTOTAL=140.00, TAX=13.65, LINE_TOTAL=[4.00+0.00+41.00+0.00+33.00+52.00+4.00+0.00]",SUBTOTAL (140.00) != sum(LINE_TOTAL) (134.00) - DISCOUNT (0.00) = 134.00. Difference: 6.00,,
739dfe4b-edac-49b1-86c3-3568a7c98492,1,Target,8,"GRAND_TOTAL_MISMATCH, SUBTOTAL_MISMATCH","GRAND_TOTAL=[13.69+6.31+20.00], SUBTOTAL=12.97, LINE_TOTAL=0.64",GRAND_TOTAL (13.69) != SUBTOTAL (12.97) + TAX (0.00) = 12.97. Difference: 0.72 | SUBTOTAL (12.97) != sum(LINE_TOTAL) (0.64) - DISCOUNT (0.00) = 0.64. Difference: 12.33,,
bd01d80a-2297-4e58-995a-d2d072e97d84,1,Target Grocery,5,SUBTOTAL_MISMATCH,"SUBTOTAL=[5.79+24.27+7.80], TAX=[1.20+0.68], LINE_TOTAL=7.12",SUBTOTAL (5.79) != sum(LINE_TOTAL) (7.12) - DISCOUNT (0.00) = 7.12. Difference: -1.33,,
28cb7a86-fe2e-4f88-b505-b06ad4c71a81,1,The Home Depot,17,SUBTOTAL_MISMATCH,"SUBTOTAL=[-0.54+2.20+214.46+-0.48+-0.35], TAX=[2.68+15.55], LINE_TOTAL=[14.21+11.45+22.97], DISCOUNT=-0.28",SUBTOTAL (-0.54) != sum(LINE_TOTAL) (48.63) - DISCOUNT (0.28) = 48.35. Difference: -48.89,,
6213c9c4-573b-4cc0-850e-5769927917c0,2,The Home Depot,19,SUBTOTAL_MISMATCH,"SUBTOTAL=171.71, TAX=12.43, LINE_TOTAL=[-0.26+-2.97+1000.03+-2.30+61.24+-7.66+4014.85]",SUBTOTAL (171.71) != sum(LINE_TOTAL) (5062.93) - DISCOUNT (0.00) = 5062.93. Difference: -4891.22,,
879b0fa6-c951-461b-a937-1bee74190b0a,1,The Home Depot,22,SUBTOTAL_MISMATCH,"SUBTOTAL=[210.01+1897.44], TAX=14.15, LINE_TOTAL=[50598.00+-0.90+203.86+-0.60+-0.82+10.75+202.11]",SUBTOTAL (210.01) != sum(LINE_TOTAL) (51012.40) - DISCOUNT (0.00) = 51012.40. Difference: -50802.39,,
879b0fa6-c951-461b-a937-1bee74190b0a,2,The Home Depot,11,SUBTOTAL_MISMATCH,"SUBTOTAL=[53.54+49.00], LINE_TOTAL=[14.22+100.00+9.72]",SUBTOTAL (53.54) != sum(LINE_TOTAL) (123.94) - DISCOUNT (0.00) = 123.94. Difference: -70.40,,
a1c5d97c-6e8e-463a-8c27-9fb98a3e0c02,1,The Home Depot,20,SUBTOTAL_MISMATCH,"SUBTOTAL=39.02, TAX=12.58, LINE_TOTAL=[200.00+5000.00]",SUBTOTAL (39.02) != sum(LINE_TOTAL) (5200.00) - DISCOUNT (0.00) = 5200.00. Difference: -5160.98,,
a63dbf2e-84ed-42a8-9a44-febfb57b4870,1,The Home Depot,23,SUBTOTAL_MISMATCH,"SUBTOTAL=[202.11+203.86], TAX=[14.15+7.72+4.22], LINE_TOTAL=[10.75+17.24+210.01]",SUBTOTAL (202.11) != sum(LINE_TOTAL) (238.00) - DISCOUNT (0.00) = 238.00. Difference: -35.89,,
a63dbf2e-84ed-42a8-9a44-febfb57b4870,2,The Home Depot,11,GRAND_TOTAL_DIRECT_MISMATCH,"GRAND_TOTAL=5.54, LINE_TOTAL=[9.72+403.23+8.25+53.54+1897.00]",GRAND_TOTAL (5.54) != sum(LINE_TOTAL) (2371.74) + TAX (0.00) = 2371.74. Difference: -2366.20,,
a893938d-146c-4381-a00a-88082627f353,1,The Home Depot,19,SUBTOTAL_MISMATCH,"SUBTOTAL=62.49, TAX=5.94, LINE_TOTAL=[0.50+-0.48+8.30+4.48+4.52+1000.83], DISCOUNT=100.00",SUBTOTAL (62.49) != sum(LINE_TOTAL) (1018.15) - DISCOUNT (100.00) = 918.15. Difference: -855.66,,
d1953a02-b3ea-410d-8f63-4a1859da6b53,1,The Home Depot,25,GRAND_TOTAL_DIRECT_MISMATCH,"GRAND_TOTAL=1.52, TAX=32.82, LINE_TOTAL=[9.54+209.98+26.56+1103.28+400.33+17.35]",GRAND_TOTAL (1.52) != sum(LINE_TOTAL) (1767.04) + TAX (32.82) = 1799.86. Difference: -1798.34,,
e1f519d5-a977-4916-bc2b-0f122564730d,2,The Home Depot,9,SUBTOTAL_MISMATCH,"SUBTOTAL=[1696.80+18.89], TAX=58.00, LINE_TOTAL=[-0.34+20.47+100.00]",SUBTOTAL (1696.80) != sum(LINE_TOTAL) (120.13) - DISCOUNT (0.00) = 120.13. Difference: 1576.67,,
e2628b64-bf4b-42d3-849e-b225c586d54b,1,The Home Depot,20,NONE,"GRAND_TOTAL=186.05, TAX=12.58",(no equation mismatch — per-word INVALID only),,
ec595589-c419-48fd-85ad-b34cb9f2a1af,1,The Home Depot,26,SUBTOTAL_MISMATCH,"SUBTOTAL=400.33, TAX=[3.18+605.47+19.96+19.84], LINE_TOTAL=[17.35+303.18+-0.90+26.56+803.18+31.80]",SUBTOTAL (400.33) != sum(LINE_TOTAL) (1181.17) - DISCOUNT (0.00) = 1181.17. Difference: -780.84,,
ecfff604-b0af-473c-b3e9-3e22ca2940dd,1,The Home Depot,27,"GRAND_TOTAL_MISMATCH, SUBTOTAL_MISMATCH","GRAND_TOTAL=[230.01+230.01], SUBTOTAL=[6166.69+214.46], TAX=15.55, LINE_TOTAL=[4014.97+400.67+-0.54+-0.28+304.78+13.27+-1.20]",GRAND_TOTAL (230.01) != SUBTOTAL (6381.15) + TAX (15.55) = 6396.70. Difference: -6166.69 | SUBTOTAL (6166.69) != sum(LINE_TOTAL) (4731.67) - DISCOUNT (0.00) = 4731.67. Difference: 1435.02,,
dc09ed13-1fde-4b80-b5cc-0ca5efdcac49,12,The Stand,4,NONE,(no financial values),(no equation mismatch — per-word INVALID only),,
77b07cb3-baaf-459f-a268-57146f6a0020,1,The Stand - American Classics Redefined,17,"GRAND_TOTAL_MISMATCH, SUBTOTAL_MISMATCH","GRAND_TOTAL=45.11, SUBTOTAL=[38.24+41.01], TAX=2.77, LINE_TOTAL=[4.10+8.99]",GRAND_TOTAL (45.11) != SUBTOTAL (79.25) + TAX (2.77) = 82.02. Difference: -36.91 | SUBTOTAL (38.24) != sum(LINE_TOTAL) (13.09) - DISCOUNT (0.00) = 13.09. Difference: 25.15,,
e997db06-790b-4a98-9338-47826fd39d91,1,The Stand - American Classics Redefined,10,GRAND_TOTAL_MISMATCH,"GRAND_TOTAL=[33.49+35.49], SUBTOTAL=31.23, TAX=2.26, TIP=2.00, LINE_TOTAL=[12.99+13.25+4.99]",GRAND_TOTAL (33.49) != SUBTOTAL (31.23) + TAX (2.26) + TIP (2.00) = 35.49. Difference: -2.00,,
058b662d-86d7-4e5f-9dd4-e77335d4197f,1,Trader Joe's,65,NONE,"TAX=0.00, LINE_TOTAL=[5.97+7.97]",(no equation mismatch — per-word INVALID only),,
9ed1103e-0b4e-4089-8fa4-6f29b6dc198b,1,Trader Joe's,33,NONE,"SUBTOTAL=1.00, TAX=0.00",(no equation mismatch — per-word INVALID only),,
b5e5c51b-9afb-468c-84cb-c77bceae706f,2,Twisted Oak Tavern,11,"GRAND_TOTAL_MISMATCH, SUBTOTAL_MISMATCH","GRAND_TOTAL=[76.68+76.68], SUBTOTAL=71.50, TAX=5.18, LINE_TOTAL=[33.00+14.00+1.00+15.50+8.00], DISCOUNT=[12.87+14.30+10.73]",GRAND_TOTAL (76.68) != SUBTOTAL (71.50) + TAX (5.18) - DISCOUNT (37.90) = 38.78. Difference: 37.90 | SUBTOTAL (71.50) != sum(LINE_TOTAL) (71.50) - DISCOUNT (37.90) = 33.60. Difference: 37.90,,
1828b9ba-6f91-4d06-a738-1a7a1539f35f,1,Vons,5,GRAND_TOTAL_DIRECT_MISMATCH,"GRAND_TOTAL=14.31, TAX=[0.10+0.97], LINE_TOTAL=[13.30+0.10]",GRAND_TOTAL (14.31) != sum(LINE_TOTAL) (13.40) + TAX (1.07) = 14.47. Difference: -0.16,,
2360d36e-8211-46c4-9bc8-106766d80038,1,Vons,33,NONE,TAX=0.00,(no equation mismatch — per-word INVALID only),,
47283bc4-7540-4903-890e-87fdc9bcb480,1,Vons,14,GRAND_TOTAL_DIRECT_MISMATCH,"GRAND_TOTAL=76.75, TAX=4.59, LINE_TOTAL=[29.99+20.99+16.99+0.10+3.99+0.10], DISCOUNT=[-3.00+10.00]",GRAND_TOTAL (76.75) != sum(LINE_TOTAL) (72.16) + TAX (4.59) - DISCOUNT (13.00) = 63.75. Difference: 13.00,,
53645e98-1dc3-4929-8ff9-c9e5e12455bb,1,Vons,14,SUBTOTAL_MISMATCH,"SUBTOTAL=19.03, TAX=0.00, LINE_TOTAL=[40.00+40.00+0.00]",SUBTOTAL (19.03) != sum(LINE_TOTAL) (80.00) - DISCOUNT (0.00) = 80.00. Difference: -60.97,,
678a7c94-4948-4ebf-b8e9-9a17c13051ec,1,Vons,20,SUBTOTAL_MISMATCH,"SUBTOTAL=61.13, TAX=0.00, LINE_TOTAL=[0.00+6.49+-0.50], DISCOUNT=[3.50+3.50+1.00]",SUBTOTAL (61.13) != sum(LINE_TOTAL) (5.99) - DISCOUNT (8.00) = -2.01. Difference: 63.14,,
a9372db7-4279-402f-b9c5-77a5ab1ca40d,1,Vons,5,SUBTOTAL_MISMATCH,"SUBTOTAL=[1.00+7.78], TAX=0.00, LINE_TOTAL=0.00",SUBTOTAL (1.00) != sum(LINE_TOTAL) (0.00) - DISCOUNT (0.00) = 0.00. Difference: 1.00,,
b84678fb-3fa2-4a9c-b5c2-e8d642d57b74,1,Vons,8,SUBTOTAL_MISMATCH,"SUBTOTAL=[3.60+0.00], TAX=0.00, LINE_TOTAL=[3.60+3.60]",SUBTOTAL (3.60) != sum(LINE_TOTAL) (7.20) - DISCOUNT (0.00) = 7.20. Difference: -3.60,,
d26e5a48-1bb3-4a36-8e96-53f43b68e2fe,1,Vons,35,NONE,"SUBTOTAL=[78.00+91.00], TAX=0.00",(no equation mismatch — per-word INVALID only),,
d38424eb-861b-4b78-b551-f2830242c36f,1,Vons,57,NONE,"TAX=[0.20+0.20+0.10+0.10+0.10+0.10+0.10+0.10], LINE_TOTAL=[-1.00+-2.00+-18.02+-20.02+-0.39+-0.44+-10.60+2.49+-2.00+-4.51+-11.50+-0.50]",(no equation mismatch — per-word INVALID only),,
e62eadbe-9449-4c2f-b5e8-2434d740887c,2,Vons,5,"GRAND_TOTAL_MISMATCH, SUBTOTAL_MISMATCH","GRAND_TOTAL=[17.90+17.90], SUBTOTAL=[17.90+16.09+0.00+6.90+0.00], TAX=[0.60+1.21], LINE_TOTAL=[-6.90+0.00]",GRAND_TOTAL (17.90) != SUBTOTAL (40.89) + TAX (1.81) = 42.70. Difference: -24.80 | SUBTOTAL (17.90) != sum(LINE_TOTAL) (-6.90) - DISCOUNT (0.00) = -6.90. Difference: 24.80,,
a893938d-146c-4381-a00a-88082627f353,2,Wild Fork,54,NONE,"TAX=0.00, LINE_TOTAL=[14.98+3.97+3.97+14.98]",(no equation mismatch — per-word INVALID only),,
d28fcc1e-642c-4d1b-89ec-8fd9f456ea78,2,Wrightwood Fine Foods,14,SUBTOTAL_MISMATCH,"SUBTOTAL=84.09, TAX=4.96, LINE_TOTAL=[17.98+5.98]",SUBTOTAL (84.09) != sum(LINE_TOTAL) (23.96) - DISCOUNT (0.00) = 23.96. Difference: 60.13,,
